{
  "controller/LeaveReqObject.controller.js": 1750934907460,
  "manifest.json": 1750836478360,
  "model/mockserver.js": 1750671998671,
  "controller/View1.controller.js": 1750843385492,
  "controller/UpdateLeaveReq.controller.js": 1750069619062,
  "i18n/i18n.properties": 1750066582624,
  "controller/LeaveReqDetailed.controller.js": 1750942026415,
  "controller/App.controller.js": 1750066568380,
  "model/models.js": 1750066568376,
  "Component.js": 1750066568372,
  "model/mockserver-dbg.js": 1750671998671,
  "model/mockserver.js.map": 1751018531143,
  "controller/View1-dbg.controller.js": 1750843385492,
  "controller/View1.controller.js.map": 1751018531131,
  "controller/UpdateLeaveReq-dbg.controller.js": 1750069619062,
  "controller/UpdateLeaveReq.controller.js.map": 1751018531127,
  "controller/LeaveReqObject-dbg.controller.js": 1750934907460,
  "controller/LeaveReqObject.controller.js.map": 1751018531146,
  "controller/LeaveReqDetailed-dbg.controller.js": 1750942026415,
  "controller/LeaveReqDetailed.controller.js.map": 1751018531136,
  "controller/App-dbg.controller.js": 1750066568380,
  "controller/App.controller.js.map": 1751018531132,
  "model/models-dbg.js": 1750066568376,
  "model/models.js.map": 1751018531134,
  "Component-dbg.js": 1750066568372,
  "Component.js.map": 1751018531136,
  "Component-preload.js": 1751018531252,
  "Component-preload.js.map": 1751018531252,
  "view/View1.view.xml": 1750842932524,
  "view/UpdateLeaveReq.view.xml": 1750069821619,
  "view/LeaveReqObject.view.xml": 1750844547586,
  "view/LeaveReqDetailed.view.xml": 1750935404995,
  "view/App.view.xml": 1750066568380,
  "css/style.css": 1750522017695,
  "index.html": 1750066568372
}