{
  "controller/Login.controller.js": 1751268920728,
  "model/mockserver.js": 1750671998671,
  "model/models.js": 1750066568376,
  "controller/View1.controller.js": 1751283441212,
  "controller/UpdateLeaveReq.controller.js": 1751026658764,
  "i18n/i18n.properties": 1750066582624,
  "controller/LeaveReqObject.controller.js": 1751359695742,
  "controller/LeaveReqDetailed.controller.js": 1751359689162,
  "controller/App.controller.js": 1750066568380,
  "manifest.json": 1751264750225,
  "Component.js": 1750066568372,
  "controller/LeaveReqDetailed-dbg.controller.js": 1751359689162,
  "controller/LeaveReqDetailed.controller.js.map": 1751432386224,
  "model/models-dbg.js": 1750066568376,
  "model/models.js.map": 1751432386214,
  "controller/View1-dbg.controller.js": 1751283441212,
  "controller/View1.controller.js.map": 1751432386222,
  "controller/UpdateLeaveReq-dbg.controller.js": 1751026658764,
  "controller/UpdateLeaveReq.controller.js.map": 1751432386216,
  "controller/Login-dbg.controller.js": 1751268920728,
  "controller/Login.controller.js.map": 1751432386218,
  "controller/LeaveReqObject-dbg.controller.js": 1751359695742,
  "controller/LeaveReqObject.controller.js.map": 1751432386236,
  "model/mockserver-dbg.js": 1750671998671,
  "model/mockserver.js.map": 1751432386230,
  "controller/App-dbg.controller.js": 1750066568380,
  "controller/App.controller.js.map": 1751432386224,
  "Component-dbg.js": 1750066568372,
  "Component.js.map": 1751432386226,
  "Component-preload.js": 1751432386437,
  "Component-preload.js.map": 1751432386437,
  "view/View1.view.xml": 1751268971788,
  "view/UpdateLeaveReq.view.xml": 1750069821619,
  "view/Login.view.xml": 1751264108502,
  "view/LeaveReqObject.view.xml": 1751274324283,
  "view/LeaveReqDetailed.view.xml": 1751349133769,
  "view/App.view.xml": 1750066568380,
  "css/style.css": 1751263851630,
  "index.html": 1750066568372
}